"","net_id","tradeoff_strength","slope_ext","horiz_ext","slope_null_ext","horiz_null_ext","obligate_ext","obligate_null_ext"
"1","M_SD_001.csv",0,692,809,1029,900,675,981
"2","M_SD_001.csv",0.0101010101010101,713,678,891,861,719,963
"3","M_SD_001.csv",0.0202020202020201,712,780,894,851,696,775
"4","M_SD_001.csv",0.0303030303030303,762,695,883,849,780,1047
"5","M_SD_001.csv",0.0404040404040403,854,791,972,978,687,998
"6","M_SD_001.csv",0.0505050505050504,584,721,668,912,768,825
"7","M_SD_001.csv",0.0606060606060606,699,652,779,779,736,910
"8","M_SD_001.csv",0.0707070707070706,625,623,776,893,697,864
"9","M_SD_001.csv",0.0808080808080808,737,637,671,777,725,745
"10","M_SD_001.csv",0.0909090909090908,641,716,838,750,637,774
"11","M_SD_001.csv",0.101010101010101,659,600,650,622,655,807
"12","M_SD_001.csv",0.111111111111111,599,589,794,743,629,911
"13","M_SD_001.csv",0.121212121212121,636,742,608,859,711,987
"14","M_SD_001.csv",0.131313131313131,532,629,707,716,654,856
"15","M_SD_001.csv",0.141414141414141,670,604,789,630,727,963
"16","M_SD_001.csv",0.151515151515151,720,668,843,819,807,941
"17","M_SD_001.csv",0.161616161616162,646,672,680,789,771,753
"18","M_SD_001.csv",0.171717171717172,621,682,622,669,658,804
"19","M_SD_001.csv",0.181818181818182,677,693,754,800,684,880
"20","M_SD_001.csv",0.191919191919192,632,617,750,756,796,927
"21","M_SD_001.csv",0.202020202020202,542,685,719,671,713,853
"22","M_SD_001.csv",0.212121212121212,628,572,575,676,645,793
"23","M_SD_001.csv",0.222222222222222,616,704,725,741,914,934
"24","M_SD_001.csv",0.232323232323232,624,760,756,823,804,855
"25","M_SD_001.csv",0.242424242424242,602,649,694,869,625,776
"26","M_SD_001.csv",0.252525252525252,594,502,589,576,727,953
"27","M_SD_001.csv",0.262626262626263,554,674,701,726,645,907
"28","M_SD_001.csv",0.272727272727273,514,615,578,740,668,882
"29","M_SD_001.csv",0.282828282828283,561,569,718,728,746,907
"30","M_SD_001.csv",0.292929292929293,602,560,734,762,741,923
"31","M_SD_001.csv",0.303030303030303,514,605,597,589,693,966
"32","M_SD_001.csv",0.313131313131313,487,529,610,665,673,894
"33","M_SD_001.csv",0.323232323232323,510,552,546,626,706,928
"34","M_SD_001.csv",0.333333333333333,549,532,563,662,742,789
"35","M_SD_001.csv",0.343434343434343,522,462,552,529,639,788
"36","M_SD_001.csv",0.353535353535353,447,576,525,623,651,827
"37","M_SD_001.csv",0.363636363636364,483,481,633,545,664,736
"38","M_SD_001.csv",0.373737373737374,473,557,602,801,753,927
"39","M_SD_001.csv",0.383838383838384,534,585,621,645,800,1062
"40","M_SD_001.csv",0.393939393939394,482,433,510,593,650,686
"41","M_SD_001.csv",0.404040404040404,522,541,562,631,645,857
"42","M_SD_001.csv",0.414141414141414,498,501,572,601,699,817
"43","M_SD_001.csv",0.424242424242424,594,581,592,629,703,1064
"44","M_SD_001.csv",0.434343434343434,479,460,490,554,701,697
"45","M_SD_001.csv",0.444444444444444,418,481,572,553,695,742
"46","M_SD_001.csv",0.454545454545454,498,455,473,619,814,845
"47","M_SD_001.csv",0.464646464646465,447,470,498,608,686,777
"48","M_SD_001.csv",0.474747474747475,511,486,508,634,644,956
"49","M_SD_001.csv",0.484848484848485,414,508,549,535,685,1059
"50","M_SD_001.csv",0.494949494949495,468,559,564,678,780,942
"51","M_SD_001.csv",0.505050505050505,449,586,523,616,655,873
"52","M_SD_001.csv",0.515151515151515,489,512,510,602,724,828
"53","M_SD_001.csv",0.525252525252525,504,528,483,646,816,905
"54","M_SD_001.csv",0.535353535353535,447,434,444,541,748,741
"55","M_SD_001.csv",0.545454545454545,449,492,491,542,808,907
"56","M_SD_001.csv",0.555555555555556,418,497,492,519,795,889
"57","M_SD_001.csv",0.565656565656566,520,474,454,524,735,1044
"58","M_SD_001.csv",0.575757575757576,389,455,411,485,695,764
"59","M_SD_001.csv",0.585858585858586,406,539,419,522,761,802
"60","M_SD_001.csv",0.595959595959596,418,445,430,524,630,810
"61","M_SD_001.csv",0.606060606060606,412,448,404,506,639,1003
"62","M_SD_001.csv",0.616161616161616,431,516,441,581,747,1018
"63","M_SD_001.csv",0.626262626262626,368,493,545,500,801,858
"64","M_SD_001.csv",0.636363636363636,395,451,459,633,729,898
"65","M_SD_001.csv",0.646464646464646,356,459,415,453,719,849
"66","M_SD_001.csv",0.656565656565657,368,406,474,461,626,1025
"67","M_SD_001.csv",0.666666666666667,394,452,392,444,696,914
"68","M_SD_001.csv",0.676767676767677,337,377,342,406,586,670
"69","M_SD_001.csv",0.686868686868687,419,512,444,478,799,1019
"70","M_SD_001.csv",0.696969696969697,380,455,428,470,713,999
"71","M_SD_001.csv",0.707070707070707,313,424,397,463,709,880
"72","M_SD_001.csv",0.717171717171717,345,424,411,508,724,757
"73","M_SD_001.csv",0.727272727272727,327,365,366,436,651,832
"74","M_SD_001.csv",0.737373737373737,339,394,354,416,750,936
"75","M_SD_001.csv",0.747474747474747,338,421,390,458,753,892
"76","M_SD_001.csv",0.757575757575758,325,385,383,471,880,751
"77","M_SD_001.csv",0.767676767676768,323,422,361,385,751,798
"78","M_SD_001.csv",0.777777777777778,336,432,353,405,773,965
"79","M_SD_001.csv",0.787878787878788,370,456,470,500,766,1055
"80","M_SD_001.csv",0.797979797979798,352,404,370,503,764,856
"81","M_SD_001.csv",0.808080808080808,320,462,362,450,800,850
"82","M_SD_001.csv",0.818181818181818,379,438,370,472,860,866
"83","M_SD_001.csv",0.828282828282828,335,419,322,410,712,790
"84","M_SD_001.csv",0.838383838383838,305,363,331,411,689,788
"85","M_SD_001.csv",0.848484848484849,330,391,315,402,704,1026
"86","M_SD_001.csv",0.858585858585859,295,431,315,376,690,923
"87","M_SD_001.csv",0.868686868686869,278,307,308,382,638,885
"88","M_SD_001.csv",0.878787878787879,301,319,314,440,734,805
"89","M_SD_001.csv",0.888888888888889,300,411,280,358,713,723
"90","M_SD_001.csv",0.898989898989899,317,415,339,445,740,909
"91","M_SD_001.csv",0.909090909090909,283,372,304,432,648,986
"92","M_SD_001.csv",0.919191919191919,300,391,295,409,820,935
"93","M_SD_001.csv",0.929292929292929,274,360,267,397,723,686
"94","M_SD_001.csv",0.939393939393939,281,388,327,368,678,781
"95","M_SD_001.csv",0.94949494949495,282,347,292,383,679,938
"96","M_SD_001.csv",0.95959595959596,294,399,275,409,762,963
"97","M_SD_001.csv",0.96969696969697,273,337,290,382,678,893
"98","M_SD_001.csv",0.97979797979798,284,324,291,383,661,913
"99","M_SD_001.csv",0.98989898989899,262,359,261,378,721,833
"100","M_SD_001.csv",1,285,416,283,373,815,976
"101","M_SD_002.csv",0,741,836,916,784,740,936
"102","M_SD_002.csv",0.0101010101010101,668,752,866,812,789,903
"103","M_SD_002.csv",0.0202020202020201,883,815,1016,1007,822,1121
"104","M_SD_002.csv",0.0303030303030303,899,949,999,1027,791,1195
"105","M_SD_002.csv",0.0404040404040403,934,744,906,983,844,990
"106","M_SD_002.csv",0.0505050505050504,741,679,752,971,750,820
"107","M_SD_002.csv",0.0606060606060606,732,914,821,970,866,1013
"108","M_SD_002.csv",0.0707070707070706,714,787,687,901,872,830
"109","M_SD_002.csv",0.0808080808080808,756,682,854,855,929,919
"110","M_SD_002.csv",0.0909090909090908,815,878,873,910,807,819
"111","M_SD_002.csv",0.101010101010101,671,651,733,783,701,849
"112","M_SD_002.csv",0.111111111111111,671,696,582,693,727,898
"113","M_SD_002.csv",0.121212121212121,789,966,909,926,823,955
"114","M_SD_002.csv",0.131313131313131,892,1019,830,969,875,1128
"115","M_SD_002.csv",0.141414141414141,759,859,1232,998,1011,906
"116","M_SD_002.csv",0.151515151515151,805,903,961,921,993,1120
"117","M_SD_002.csv",0.161616161616162,664,695,765,763,703,818
"118","M_SD_002.csv",0.171717171717172,711,750,707,849,904,890
"119","M_SD_002.csv",0.181818181818182,737,768,688,859,834,919
"120","M_SD_002.csv",0.191919191919192,746,804,894,960,1127,1192
"121","M_SD_002.csv",0.202020202020202,622,792,644,702,683,833
"122","M_SD_002.csv",0.212121212121212,752,660,755,771,834,961
"123","M_SD_002.csv",0.222222222222222,647,633,677,810,669,807
"124","M_SD_002.csv",0.232323232323232,845,585,848,854,908,1092
"125","M_SD_002.csv",0.242424242424242,574,565,669,764,757,854
"126","M_SD_002.csv",0.252525252525252,569,668,754,745,820,896
"127","M_SD_002.csv",0.262626262626263,629,776,724,772,780,958
"128","M_SD_002.csv",0.272727272727273,613,688,701,667,698,947
"129","M_SD_002.csv",0.282828282828283,652,699,763,650,755,1093
"130","M_SD_002.csv",0.292929292929293,734,646,816,801,986,1146
"131","M_SD_002.csv",0.303030303030303,622,698,736,699,759,804
"132","M_SD_002.csv",0.313131313131313,708,711,776,943,1038,927
"133","M_SD_002.csv",0.323232323232323,584,638,633,807,986,990
"134","M_SD_002.csv",0.333333333333333,528,676,622,579,786,1040
"135","M_SD_002.csv",0.343434343434343,705,546,666,794,881,1174
"136","M_SD_002.csv",0.353535353535353,551,591,708,638,867,899
"137","M_SD_002.csv",0.363636363636364,516,622,596,786,1008,977
"138","M_SD_002.csv",0.373737373737374,575,613,681,732,963,1073
"139","M_SD_002.csv",0.383838383838384,680,656,624,780,723,1058
"140","M_SD_002.csv",0.393939393939394,610,665,611,593,952,1074
"141","M_SD_002.csv",0.404040404040404,669,724,666,812,874,991
"142","M_SD_002.csv",0.414141414141414,520,663,591,766,1022,1011
"143","M_SD_002.csv",0.424242424242424,510,635,618,532,839,1303
"144","M_SD_002.csv",0.434343434343434,528,528,589,731,1120,1204
"145","M_SD_002.csv",0.444444444444444,484,579,664,585,913,872
"146","M_SD_002.csv",0.454545454545454,567,629,614,612,899,1180
"147","M_SD_002.csv",0.464646464646465,439,600,531,533,772,736
"148","M_SD_002.csv",0.474747474747475,459,516,502,510,669,863
"149","M_SD_002.csv",0.484848484848485,481,515,468,525,692,851
"150","M_SD_002.csv",0.494949494949495,462,533,576,637,839,831
"151","M_SD_002.csv",0.505050505050505,406,472,572,567,729,760
"152","M_SD_002.csv",0.515151515151515,482,565,520,589,922,1098
"153","M_SD_002.csv",0.525252525252525,402,511,501,537,937,1115
"154","M_SD_002.csv",0.535353535353535,426,430,525,544,901,856
"155","M_SD_002.csv",0.545454545454545,579,547,514,583,832,1057
"156","M_SD_002.csv",0.555555555555556,402,484,511,500,828,1028
"157","M_SD_002.csv",0.565656565656566,444,473,477,670,821,951
"158","M_SD_002.csv",0.575757575757576,485,543,555,495,876,1047
"159","M_SD_002.csv",0.585858585858586,489,640,470,584,945,1017
"160","M_SD_002.csv",0.595959595959596,445,494,501,569,685,955
"161","M_SD_002.csv",0.606060606060606,440,496,426,525,899,821
"162","M_SD_002.csv",0.616161616161616,407,508,350,445,741,728
"163","M_SD_002.csv",0.626262626262626,388,444,364,578,910,1159
"164","M_SD_002.csv",0.636363636363636,470,512,477,515,819,1002
"165","M_SD_002.csv",0.646464646464646,429,487,438,537,1059,822
"166","M_SD_002.csv",0.656565656565657,425,505,436,452,860,811
"167","M_SD_002.csv",0.666666666666667,352,375,368,495,824,922
"168","M_SD_002.csv",0.676767676767677,417,469,487,513,771,1104
"169","M_SD_002.csv",0.686868686868687,393,486,394,502,852,1019
"170","M_SD_002.csv",0.696969696969697,431,533,480,580,1017,1159
"171","M_SD_002.csv",0.707070707070707,372,450,415,446,708,879
"172","M_SD_002.csv",0.717171717171717,366,499,395,486,824,1132
"173","M_SD_002.csv",0.727272727272727,344,454,343,475,849,743
"174","M_SD_002.csv",0.737373737373737,348,490,375,516,896,838
"175","M_SD_002.csv",0.747474747474747,339,531,415,514,983,1056
"176","M_SD_002.csv",0.757575757575758,364,386,361,456,832,996
"177","M_SD_002.csv",0.767676767676768,366,469,508,523,885,1144
"178","M_SD_002.csv",0.777777777777778,326,421,388,497,986,1018
"179","M_SD_002.csv",0.787878787878788,328,384,345,483,815,760
"180","M_SD_002.csv",0.797979797979798,386,445,367,553,812,1137
"181","M_SD_002.csv",0.808080808080808,354,361,408,493,798,1030
"182","M_SD_002.csv",0.818181818181818,296,404,339,448,721,824
"183","M_SD_002.csv",0.828282828282828,297,419,372,356,739,921
"184","M_SD_002.csv",0.838383838383838,334,447,343,479,836,1184
"185","M_SD_002.csv",0.848484848484849,329,435,358,462,866,896
"186","M_SD_002.csv",0.858585858585859,312,346,341,425,611,856
"187","M_SD_002.csv",0.868686868686869,321,366,341,406,720,937
"188","M_SD_002.csv",0.878787878787879,317,415,321,422,855,931
"189","M_SD_002.csv",0.888888888888889,323,457,331,460,980,1080
"190","M_SD_002.csv",0.898989898989899,296,383,305,395,837,806
"191","M_SD_002.csv",0.909090909090909,299,412,353,368,1029,1090
"192","M_SD_002.csv",0.919191919191919,257,345,272,401,851,839
"193","M_SD_002.csv",0.929292929292929,291,437,324,411,1031,906
"194","M_SD_002.csv",0.939393939393939,297,330,308,315,700,850
"195","M_SD_002.csv",0.94949494949495,295,379,310,452,822,784
"196","M_SD_002.csv",0.95959595959596,293,401,314,401,705,832
"197","M_SD_002.csv",0.96969696969697,275,358,275,427,926,878
"198","M_SD_002.csv",0.97979797979798,285,357,306,306,788,888
"199","M_SD_002.csv",0.98989898989899,265,428,269,356,816,1018
"200","M_SD_002.csv",1,262,345,267,361,875,848
"201","M_SD_003.csv",0,733,791,888,744,863,958
"202","M_SD_003.csv",0.0101010101010101,761,843,1118,1113,734,869
"203","M_SD_003.csv",0.0202020202020201,942,862,1015,1056,974,949
"204","M_SD_003.csv",0.0303030303030303,663,647,960,746,763,823
"205","M_SD_003.csv",0.0404040404040403,843,648,743,803,781,966
"206","M_SD_003.csv",0.0505050505050504,682,696,741,882,758,852
"207","M_SD_003.csv",0.0606060606060606,747,669,739,762,811,950
"208","M_SD_003.csv",0.0707070707070706,735,770,827,799,815,981
"209","M_SD_003.csv",0.0808080808080808,726,785,785,938,847,1002
"210","M_SD_003.csv",0.0909090909090908,752,750,878,850,945,1053
"211","M_SD_003.csv",0.101010101010101,627,651,831,826,804,1046
"212","M_SD_003.csv",0.111111111111111,664,684,713,780,872,1016
"213","M_SD_003.csv",0.121212121212121,592,688,631,757,758,677
"214","M_SD_003.csv",0.131313131313131,631,711,750,764,769,707
"215","M_SD_003.csv",0.141414141414141,586,807,774,832,828,989
"216","M_SD_003.csv",0.151515151515151,624,714,711,703,695,935
"217","M_SD_003.csv",0.161616161616162,608,612,676,763,628,858
"218","M_SD_003.csv",0.171717171717172,706,710,898,797,714,1028
"219","M_SD_003.csv",0.181818181818182,690,686,789,672,765,862
"220","M_SD_003.csv",0.191919191919192,609,666,600,746,759,948
"221","M_SD_003.csv",0.202020202020202,611,634,728,794,916,833
"222","M_SD_003.csv",0.212121212121212,530,577,694,661,722,871
"223","M_SD_003.csv",0.222222222222222,608,627,740,700,764,975
"224","M_SD_003.csv",0.232323232323232,572,610,694,595,752,820
"225","M_SD_003.csv",0.242424242424242,535,662,576,653,704,865
"226","M_SD_003.csv",0.252525252525252,479,566,589,689,643,875
"227","M_SD_003.csv",0.262626262626263,468,545,564,745,714,876
"228","M_SD_003.csv",0.272727272727273,542,665,552,684,788,909
"229","M_SD_003.csv",0.282828282828283,684,596,727,673,806,914
"230","M_SD_003.csv",0.292929292929293,569,612,656,743,709,714
"231","M_SD_003.csv",0.303030303030303,556,701,756,717,722,930
"232","M_SD_003.csv",0.313131313131313,526,611,549,712,722,939
"233","M_SD_003.csv",0.323232323232323,444,599,541,497,725,932
"234","M_SD_003.csv",0.333333333333333,470,514,527,663,826,772
"235","M_SD_003.csv",0.343434343434343,511,472,539,596,605,683
"236","M_SD_003.csv",0.353535353535353,511,563,497,521,755,846
"237","M_SD_003.csv",0.363636363636364,482,532,605,649,625,930
"238","M_SD_003.csv",0.373737373737374,494,557,569,629,749,881
"239","M_SD_003.csv",0.383838383838384,570,605,597,594,902,966
"240","M_SD_003.csv",0.393939393939394,445,595,495,580,775,879
"241","M_SD_003.csv",0.404040404040404,473,574,575,577,753,947
"242","M_SD_003.csv",0.414141414141414,568,504,549,653,792,1012
"243","M_SD_003.csv",0.424242424242424,446,603,508,664,781,941
"244","M_SD_003.csv",0.434343434343434,469,521,433,598,642,790
"245","M_SD_003.csv",0.444444444444444,436,488,494,692,789,863
"246","M_SD_003.csv",0.454545454545454,436,552,495,566,725,993
"247","M_SD_003.csv",0.464646464646465,438,587,548,642,881,948
"248","M_SD_003.csv",0.474747474747475,420,484,413,505,791,974
"249","M_SD_003.csv",0.484848484848485,470,546,550,612,818,939
"250","M_SD_003.csv",0.494949494949495,429,575,538,574,813,993
"251","M_SD_003.csv",0.505050505050505,460,477,372,469,595,777
"252","M_SD_003.csv",0.515151515151515,414,533,526,565,828,938
"253","M_SD_003.csv",0.525252525252525,445,528,421,470,677,967
"254","M_SD_003.csv",0.535353535353535,451,560,469,579,815,1087
"255","M_SD_003.csv",0.545454545454545,429,535,406,583,612,885
"256","M_SD_003.csv",0.555555555555556,433,438,445,589,827,1034
"257","M_SD_003.csv",0.565656565656566,410,465,424,484,655,910
"258","M_SD_003.csv",0.575757575757576,448,479,454,524,898,847
"259","M_SD_003.csv",0.585858585858586,310,461,408,476,742,816
"260","M_SD_003.csv",0.595959595959596,376,463,414,577,832,796
"261","M_SD_003.csv",0.606060606060606,405,482,383,455,864,1058
"262","M_SD_003.csv",0.616161616161616,366,543,413,443,752,909
"263","M_SD_003.csv",0.626262626262626,360,395,353,408,539,643
"264","M_SD_003.csv",0.636363636363636,363,452,359,472,634,822
"265","M_SD_003.csv",0.646464646464646,388,499,444,495,723,1006
"266","M_SD_003.csv",0.656565656565657,344,448,389,458,782,762
"267","M_SD_003.csv",0.666666666666667,372,405,333,547,782,866
"268","M_SD_003.csv",0.676767676767677,359,469,440,507,696,1002
"269","M_SD_003.csv",0.686868686868687,357,427,353,435,856,883
"270","M_SD_003.csv",0.696969696969697,376,404,400,491,717,855
"271","M_SD_003.csv",0.707070707070707,338,433,366,428,677,639
"272","M_SD_003.csv",0.717171717171717,309,382,298,459,625,776
"273","M_SD_003.csv",0.727272727272727,388,524,389,511,748,976
"274","M_SD_003.csv",0.737373737373737,332,482,309,478,750,779
"275","M_SD_003.csv",0.747474747474747,324,478,336,561,720,1013
"276","M_SD_003.csv",0.757575757575758,341,392,316,469,750,895
"277","M_SD_003.csv",0.767676767676768,335,500,377,507,882,1110
"278","M_SD_003.csv",0.777777777777778,317,499,316,522,763,1003
"279","M_SD_003.csv",0.787878787878788,316,392,305,463,853,973
"280","M_SD_003.csv",0.797979797979798,303,409,318,350,747,826
"281","M_SD_003.csv",0.808080808080808,327,424,304,394,778,810
"282","M_SD_003.csv",0.818181818181818,314,414,275,406,826,934
"283","M_SD_003.csv",0.828282828282828,317,386,289,439,739,1045
"284","M_SD_003.csv",0.838383838383838,301,374,309,444,661,812
"285","M_SD_003.csv",0.848484848484849,295,399,269,417,754,896
"286","M_SD_003.csv",0.858585858585859,301,403,291,384,714,1072
"287","M_SD_003.csv",0.868686868686869,307,391,316,424,795,947
"288","M_SD_003.csv",0.878787878787879,260,400,274,414,802,996
"289","M_SD_003.csv",0.888888888888889,292,383,278,444,808,746
"290","M_SD_003.csv",0.898989898989899,273,345,273,368,716,804
"291","M_SD_003.csv",0.909090909090909,292,401,286,490,759,935
"292","M_SD_003.csv",0.919191919191919,249,345,266,428,657,721
"293","M_SD_003.csv",0.929292929292929,276,354,279,349,654,765
"294","M_SD_003.csv",0.939393939393939,257,346,288,389,691,867
"295","M_SD_003.csv",0.94949494949495,252,339,272,363,733,929
"296","M_SD_003.csv",0.95959595959596,263,440,288,436,856,893
"297","M_SD_003.csv",0.96969696969697,260,319,259,388,835,1028
"298","M_SD_003.csv",0.97979797979798,254,334,240,352,756,735
"299","M_SD_003.csv",0.98989898989899,242,315,245,365,776,1013
"300","M_SD_003.csv",1,251,361,265,384,758,1006
"301","M_SD_004.csv",0,618,716,907,1047,684,891
"302","M_SD_004.csv",0.0101010101010101,860,877,1187,820,761,1047
"303","M_SD_004.csv",0.0202020202020201,736,561,783,985,653,1007
"304","M_SD_004.csv",0.0303030303030303,663,720,960,1112,855,927
"305","M_SD_004.csv",0.0404040404040403,719,743,770,592,681,875
"306","M_SD_004.csv",0.0505050505050504,773,783,1034,1040,865,960
"307","M_SD_004.csv",0.0606060606060606,772,701,940,1080,710,727
"308","M_SD_004.csv",0.0707070707070706,706,771,943,939,658,834
"309","M_SD_004.csv",0.0808080808080808,699,599,688,737,729,1020
"310","M_SD_004.csv",0.0909090909090908,675,752,1082,1234,793,1090
"311","M_SD_004.csv",0.101010101010101,727,711,853,886,692,996
"312","M_SD_004.csv",0.111111111111111,678,698,804,853,797,858
"313","M_SD_004.csv",0.121212121212121,638,687,685,794,858,1117
"314","M_SD_004.csv",0.131313131313131,707,702,805,860,757,987
"315","M_SD_004.csv",0.141414141414141,727,618,916,869,703,1174
"316","M_SD_004.csv",0.151515151515151,662,640,782,1049,808,988
"317","M_SD_004.csv",0.161616161616162,559,617,873,753,778,948
"318","M_SD_004.csv",0.171717171717172,589,604,765,645,686,765
"319","M_SD_004.csv",0.181818181818182,632,577,691,809,873,1039
"320","M_SD_004.csv",0.191919191919192,619,515,776,724,657,651
"321","M_SD_004.csv",0.202020202020202,640,741,678,741,730,1129
"322","M_SD_004.csv",0.212121212121212,698,612,678,896,756,900
"323","M_SD_004.csv",0.222222222222222,609,598,831,651,670,768
"324","M_SD_004.csv",0.232323232323232,620,690,661,740,726,1096
"325","M_SD_004.csv",0.242424242424242,563,656,687,709,671,885
"326","M_SD_004.csv",0.252525252525252,593,612,764,677,724,819
"327","M_SD_004.csv",0.262626262626263,532,638,707,636,678,733
"328","M_SD_004.csv",0.272727272727273,523,623,742,641,685,850
"329","M_SD_004.csv",0.282828282828283,557,535,707,609,730,986
"330","M_SD_004.csv",0.292929292929293,482,663,610,767,833,1088
"331","M_SD_004.csv",0.303030303030303,415,524,542,572,622,581
"332","M_SD_004.csv",0.313131313131313,705,626,749,675,744,1318
"333","M_SD_004.csv",0.323232323232323,565,526,624,612,676,812
"334","M_SD_004.csv",0.333333333333333,540,560,595,773,765,810
"335","M_SD_004.csv",0.343434343434343,534,619,712,812,764,910
"336","M_SD_004.csv",0.353535353535353,541,463,643,593,760,915
"337","M_SD_004.csv",0.363636363636364,571,605,613,601,755,926
"338","M_SD_004.csv",0.373737373737374,494,511,708,593,789,905
"339","M_SD_004.csv",0.383838383838384,660,613,651,632,830,867
"340","M_SD_004.csv",0.393939393939394,424,516,510,643,635,810
"341","M_SD_004.csv",0.404040404040404,456,450,377,493,600,592
"342","M_SD_004.csv",0.414141414141414,519,575,528,651,995,962
"343","M_SD_004.csv",0.424242424242424,514,496,532,618,782,671
"344","M_SD_004.csv",0.434343434343434,520,598,625,622,916,932
"345","M_SD_004.csv",0.444444444444444,596,594,513,652,915,1004
"346","M_SD_004.csv",0.454545454545454,444,442,494,574,650,904
"347","M_SD_004.csv",0.464646464646465,425,535,458,675,640,844
"348","M_SD_004.csv",0.474747474747475,379,427,476,479,765,919
"349","M_SD_004.csv",0.484848484848485,523,476,507,602,741,649
"350","M_SD_004.csv",0.494949494949495,398,460,510,532,655,1001
"351","M_SD_004.csv",0.505050505050505,601,561,576,782,796,1144
"352","M_SD_004.csv",0.515151515151515,414,461,511,599,691,778
"353","M_SD_004.csv",0.525252525252525,457,501,524,529,697,855
"354","M_SD_004.csv",0.535353535353535,450,511,476,503,902,1030
"355","M_SD_004.csv",0.545454545454545,413,440,439,531,796,1166
"356","M_SD_004.csv",0.555555555555556,432,424,504,522,668,1046
"357","M_SD_004.csv",0.565656565656566,379,509,521,673,871,859
"358","M_SD_004.csv",0.575757575757576,409,551,566,559,777,1048
"359","M_SD_004.csv",0.585858585858586,438,490,392,435,618,890
"360","M_SD_004.csv",0.595959595959596,366,442,412,449,653,916
"361","M_SD_004.csv",0.606060606060606,389,436,466,436,649,1008
"362","M_SD_004.csv",0.616161616161616,344,419,475,481,608,879
"363","M_SD_004.csv",0.626262626262626,393,389,379,437,756,931
"364","M_SD_004.csv",0.636363636363636,363,401,395,484,712,849
"365","M_SD_004.csv",0.646464646464646,405,568,459,572,748,910
"366","M_SD_004.csv",0.656565656565657,339,427,344,442,603,799
"367","M_SD_004.csv",0.666666666666667,383,478,410,510,677,906
"368","M_SD_004.csv",0.676767676767677,355,531,412,542,842,1059
"369","M_SD_004.csv",0.686868686868687,325,355,315,420,648,721
"370","M_SD_004.csv",0.696969696969697,364,371,353,408,639,752
"371","M_SD_004.csv",0.707070707070707,361,417,441,518,796,1013
"372","M_SD_004.csv",0.717171717171717,380,428,428,497,856,1047
"373","M_SD_004.csv",0.727272727272727,344,451,381,456,691,814
"374","M_SD_004.csv",0.737373737373737,349,440,501,502,762,994
"375","M_SD_004.csv",0.747474747474747,377,440,377,541,886,958
"376","M_SD_004.csv",0.757575757575758,316,394,323,400,654,932
"377","M_SD_004.csv",0.767676767676768,350,442,352,461,805,1185
"378","M_SD_004.csv",0.777777777777778,347,442,318,405,699,1017
"379","M_SD_004.csv",0.787878787878788,322,398,300,432,597,791
"380","M_SD_004.csv",0.797979797979798,310,430,331,375,613,743
"381","M_SD_004.csv",0.808080808080808,293,395,292,418,684,899
"382","M_SD_004.csv",0.818181818181818,313,342,329,475,778,1038
"383","M_SD_004.csv",0.828282828282828,309,437,326,443,732,971
"384","M_SD_004.csv",0.838383838383838,305,395,332,416,779,1067
"385","M_SD_004.csv",0.848484848484849,333,362,308,438,816,976
"386","M_SD_004.csv",0.858585858585859,295,429,351,459,729,930
"387","M_SD_004.csv",0.868686868686869,298,343,293,342,810,885
"388","M_SD_004.csv",0.878787878787879,293,346,257,405,613,774
"389","M_SD_004.csv",0.888888888888889,333,457,330,457,936,1228
"390","M_SD_004.csv",0.898989898989899,278,395,286,381,826,1143
"391","M_SD_004.csv",0.909090909090909,290,422,327,442,921,1001
"392","M_SD_004.csv",0.919191919191919,291,381,252,335,575,901
"393","M_SD_004.csv",0.929292929292929,258,298,290,360,580,688
"394","M_SD_004.csv",0.939393939393939,264,379,292,386,785,1022
"395","M_SD_004.csv",0.94949494949495,277,425,272,460,855,944
"396","M_SD_004.csv",0.95959595959596,255,370,250,312,876,760
"397","M_SD_004.csv",0.96969696969697,238,353,265,312,753,669
"398","M_SD_004.csv",0.97979797979798,263,348,259,392,832,1097
"399","M_SD_004.csv",0.98989898989899,249,325,251,382,533,826
"400","M_SD_004.csv",1,254,365,256,373,893,919
"401","M_SD_005.csv",0,628,684,823,780,735,852
"402","M_SD_005.csv",0.0101010101010101,629,687,761,731,652,888
"403","M_SD_005.csv",0.0202020202020201,654,714,882,817,768,804
"404","M_SD_005.csv",0.0303030303030303,767,745,936,837,703,703
"405","M_SD_005.csv",0.0404040404040403,633,752,865,877,673,916
"406","M_SD_005.csv",0.0505050505050504,546,626,857,713,743,787
"407","M_SD_005.csv",0.0606060606060606,581,692,772,671,689,864
"408","M_SD_005.csv",0.0707070707070706,658,708,697,820,622,732
"409","M_SD_005.csv",0.0808080808080808,600,635,739,770,639,823
"410","M_SD_005.csv",0.0909090909090908,616,748,771,739,701,878
"411","M_SD_005.csv",0.101010101010101,560,591,665,680,695,827
"412","M_SD_005.csv",0.111111111111111,618,585,702,793,695,712
"413","M_SD_005.csv",0.121212121212121,737,783,834,958,925,1116
"414","M_SD_005.csv",0.131313131313131,531,700,624,719,796,804
"415","M_SD_005.csv",0.141414141414141,560,623,738,793,792,942
"416","M_SD_005.csv",0.151515151515151,650,632,682,726,723,844
"417","M_SD_005.csv",0.161616161616162,534,586,652,753,644,742
"418","M_SD_005.csv",0.171717171717172,591,547,676,598,658,922
"419","M_SD_005.csv",0.181818181818182,597,654,540,775,639,691
"420","M_SD_005.csv",0.191919191919192,630,621,842,772,768,1025
"421","M_SD_005.csv",0.202020202020202,636,653,734,718,652,783
"422","M_SD_005.csv",0.212121212121212,648,561,653,646,666,890
"423","M_SD_005.csv",0.222222222222222,558,726,670,687,809,723
"424","M_SD_005.csv",0.232323232323232,589,705,646,895,716,878
"425","M_SD_005.csv",0.242424242424242,453,511,563,591,590,687
"426","M_SD_005.csv",0.252525252525252,532,497,558,602,639,560
"427","M_SD_005.csv",0.262626262626263,668,613,554,617,663,845
"428","M_SD_005.csv",0.272727272727273,508,556,597,680,664,741
"429","M_SD_005.csv",0.282828282828283,595,684,631,590,889,1035
"430","M_SD_005.csv",0.292929292929293,607,612,672,572,841,799
"431","M_SD_005.csv",0.303030303030303,582,675,680,717,754,915
"432","M_SD_005.csv",0.313131313131313,521,515,583,626,637,790
"433","M_SD_005.csv",0.323232323232323,450,555,565,537,605,872
"434","M_SD_005.csv",0.333333333333333,562,484,535,533,727,782
"435","M_SD_005.csv",0.343434343434343,456,553,463,451,606,856
"436","M_SD_005.csv",0.353535353535353,533,499,549,639,682,1003
"437","M_SD_005.csv",0.363636363636364,576,592,566,689,679,873
"438","M_SD_005.csv",0.373737373737374,426,409,562,532,671,821
"439","M_SD_005.csv",0.383838383838384,483,516,493,554,671,915
"440","M_SD_005.csv",0.393939393939394,478,490,516,558,672,714
"441","M_SD_005.csv",0.404040404040404,452,503,496,529,748,874
"442","M_SD_005.csv",0.414141414141414,500,560,526,575,730,763
"443","M_SD_005.csv",0.424242424242424,572,641,718,639,797,1135
"444","M_SD_005.csv",0.434343434343434,497,621,556,602,798,889
"445","M_SD_005.csv",0.444444444444444,459,394,429,540,610,656
"446","M_SD_005.csv",0.454545454545454,442,500,398,469,630,677
"447","M_SD_005.csv",0.464646464646465,474,572,513,570,721,863
"448","M_SD_005.csv",0.474747474747475,416,496,495,591,728,827
"449","M_SD_005.csv",0.484848484848485,478,471,484,534,715,816
"450","M_SD_005.csv",0.494949494949495,454,493,516,531,781,833
"451","M_SD_005.csv",0.505050505050505,455,481,435,505,687,936
"452","M_SD_005.csv",0.515151515151515,426,438,445,473,698,673
"453","M_SD_005.csv",0.525252525252525,394,420,412,486,691,902
"454","M_SD_005.csv",0.535353535353535,414,490,466,459,692,684
"455","M_SD_005.csv",0.545454545454545,375,408,406,526,561,821
"456","M_SD_005.csv",0.555555555555556,346,455,477,460,692,834
"457","M_SD_005.csv",0.565656565656566,438,482,400,538,714,697
"458","M_SD_005.csv",0.575757575757576,471,514,404,544,678,806
"459","M_SD_005.csv",0.585858585858586,411,459,458,530,629,949
"460","M_SD_005.csv",0.595959595959596,401,501,449,494,632,647
"461","M_SD_005.csv",0.606060606060606,380,505,382,491,670,771
"462","M_SD_005.csv",0.616161616161616,338,465,406,477,675,733
"463","M_SD_005.csv",0.626262626262626,407,503,418,481,722,915
"464","M_SD_005.csv",0.636363636363636,361,394,332,434,526,669
"465","M_SD_005.csv",0.646464646464646,315,364,320,427,616,587
"466","M_SD_005.csv",0.656565656565657,380,414,405,469,648,743
"467","M_SD_005.csv",0.666666666666667,468,484,413,623,800,963
"468","M_SD_005.csv",0.676767676767677,377,434,386,490,803,871
"469","M_SD_005.csv",0.686868686868687,341,375,318,420,629,759
"470","M_SD_005.csv",0.696969696969697,375,454,363,405,676,678
"471","M_SD_005.csv",0.707070707070707,381,480,383,518,731,875
"472","M_SD_005.csv",0.717171717171717,381,501,349,523,727,811
"473","M_SD_005.csv",0.727272727272727,340,380,348,429,747,816
"474","M_SD_005.csv",0.737373737373737,331,404,352,464,783,764
"475","M_SD_005.csv",0.747474747474747,282,364,319,370,637,813
"476","M_SD_005.csv",0.757575757575758,320,425,347,414,857,834
"477","M_SD_005.csv",0.767676767676768,323,385,328,480,719,826
"478","M_SD_005.csv",0.777777777777778,309,387,347,450,655,742
"479","M_SD_005.csv",0.787878787878788,350,377,322,417,608,937
"480","M_SD_005.csv",0.797979797979798,293,415,314,435,798,791
"481","M_SD_005.csv",0.808080808080808,296,386,278,383,628,697
"482","M_SD_005.csv",0.818181818181818,282,374,293,406,644,672
"483","M_SD_005.csv",0.828282828282828,259,349,273,395,545,651
"484","M_SD_005.csv",0.838383838383838,304,435,307,451,898,1009
"485","M_SD_005.csv",0.848484848484849,290,406,298,362,695,958
"486","M_SD_005.csv",0.858585858585859,281,357,311,320,656,699
"487","M_SD_005.csv",0.868686868686869,261,369,301,378,767,668
"488","M_SD_005.csv",0.878787878787879,262,387,274,425,622,1037
"489","M_SD_005.csv",0.888888888888889,261,377,266,446,817,858
"490","M_SD_005.csv",0.898989898989899,302,373,280,395,713,827
"491","M_SD_005.csv",0.909090909090909,265,392,273,392,639,975
"492","M_SD_005.csv",0.919191919191919,276,378,286,421,809,895
"493","M_SD_005.csv",0.929292929292929,267,379,269,377,791,773
"494","M_SD_005.csv",0.939393939393939,259,347,258,387,775,766
"495","M_SD_005.csv",0.94949494949495,254,353,256,367,590,674
"496","M_SD_005.csv",0.95959595959596,249,344,292,395,729,923
"497","M_SD_005.csv",0.96969696969697,256,444,271,390,720,915
"498","M_SD_005.csv",0.97979797979798,242,350,272,336,610,847
"499","M_SD_005.csv",0.98989898989899,257,347,248,346,633,779
"500","M_SD_005.csv",1,256,339,262,361,795,851
"501","M_SD_006.csv",0,579,605,776,704,568,721
"502","M_SD_006.csv",0.0101010101010101,760,709,643,791,686,775
"503","M_SD_006.csv",0.0202020202020201,656,698,728,743,694,745
"504","M_SD_006.csv",0.0303030303030303,636,742,763,742,741,735
"505","M_SD_006.csv",0.0404040404040403,683,730,784,736,715,723
"506","M_SD_006.csv",0.0505050505050504,614,545,603,706,642,895
"507","M_SD_006.csv",0.0606060606060606,624,626,781,805,826,807
"508","M_SD_006.csv",0.0707070707070706,626,797,688,731,639,681
"509","M_SD_006.csv",0.0808080808080808,565,522,619,662,724,759
"510","M_SD_006.csv",0.0909090909090908,741,771,870,883,842,923
"511","M_SD_006.csv",0.101010101010101,615,640,586,667,654,668
"512","M_SD_006.csv",0.111111111111111,598,548,733,577,598,707
"513","M_SD_006.csv",0.121212121212121,669,704,836,714,733,801
"514","M_SD_006.csv",0.131313131313131,737,882,938,873,897,990
"515","M_SD_006.csv",0.141414141414141,725,633,711,667,846,836
"516","M_SD_006.csv",0.151515151515151,660,641,592,696,718,791
"517","M_SD_006.csv",0.161616161616162,704,651,804,674,780,851
"518","M_SD_006.csv",0.171717171717172,579,669,468,652,590,664
"519","M_SD_006.csv",0.181818181818182,584,554,677,604,743,782
"520","M_SD_006.csv",0.191919191919192,589,693,645,621,749,1017
"521","M_SD_006.csv",0.202020202020202,663,640,683,751,661,883
"522","M_SD_006.csv",0.212121212121212,582,561,662,566,780,678
"523","M_SD_006.csv",0.222222222222222,547,528,550,561,622,765
"524","M_SD_006.csv",0.232323232323232,625,653,584,621,721,710
"525","M_SD_006.csv",0.242424242424242,598,742,608,726,852,791
"526","M_SD_006.csv",0.252525252525252,590,569,410,647,659,732
"527","M_SD_006.csv",0.262626262626263,668,616,565,616,762,729
"528","M_SD_006.csv",0.272727272727273,536,636,605,592,700,840
"529","M_SD_006.csv",0.282828282828283,491,570,684,564,660,865
"530","M_SD_006.csv",0.292929292929293,541,648,532,617,820,800
"531","M_SD_006.csv",0.303030303030303,524,518,460,526,723,682
"532","M_SD_006.csv",0.313131313131313,478,544,590,593,601,739
"533","M_SD_006.csv",0.323232323232323,637,567,651,623,800,910
"534","M_SD_006.csv",0.333333333333333,540,618,539,580,708,784
"535","M_SD_006.csv",0.343434343434343,573,553,561,638,743,880
"536","M_SD_006.csv",0.353535353535353,530,522,508,530,735,880
"537","M_SD_006.csv",0.363636363636364,451,597,598,538,689,690
"538","M_SD_006.csv",0.373737373737374,542,618,514,574,661,627
"539","M_SD_006.csv",0.383838383838384,545,536,551,514,772,675
"540","M_SD_006.csv",0.393939393939394,499,522,567,652,757,893
"541","M_SD_006.csv",0.404040404040404,545,630,587,534,874,962
"542","M_SD_006.csv",0.414141414141414,486,533,487,557,718,813
"543","M_SD_006.csv",0.424242424242424,472,496,474,432,574,665
"544","M_SD_006.csv",0.434343434343434,503,558,533,581,711,774
"545","M_SD_006.csv",0.444444444444444,440,441,435,485,595,628
"546","M_SD_006.csv",0.454545454545454,387,421,447,541,678,780
"547","M_SD_006.csv",0.464646464646465,404,489,449,544,766,679
"548","M_SD_006.csv",0.474747474747475,409,457,465,523,572,574
"549","M_SD_006.csv",0.484848484848485,431,521,487,528,770,745
"550","M_SD_006.csv",0.494949494949495,510,503,505,553,797,822
"551","M_SD_006.csv",0.505050505050505,387,512,466,531,744,857
"552","M_SD_006.csv",0.515151515151515,397,484,451,476,708,863
"553","M_SD_006.csv",0.525252525252525,469,511,478,528,690,788
"554","M_SD_006.csv",0.535353535353535,382,443,379,433,715,628
"555","M_SD_006.csv",0.545454545454545,378,452,370,373,779,666
"556","M_SD_006.csv",0.555555555555556,398,465,436,493,738,961
"557","M_SD_006.csv",0.565656565656566,404,411,451,435,632,719
"558","M_SD_006.csv",0.575757575757576,428,494,401,538,733,866
"559","M_SD_006.csv",0.585858585858586,399,496,420,463,638,898
"560","M_SD_006.csv",0.595959595959596,443,472,398,499,777,789
"561","M_SD_006.csv",0.606060606060606,385,519,474,439,739,946
"562","M_SD_006.csv",0.616161616161616,371,487,347,489,641,776
"563","M_SD_006.csv",0.626262626262626,417,449,362,480,707,882
"564","M_SD_006.csv",0.636363636363636,383,471,416,488,874,921
"565","M_SD_006.csv",0.646464646464646,356,437,365,535,799,700
"566","M_SD_006.csv",0.656565656565657,386,495,395,558,818,781
"567","M_SD_006.csv",0.666666666666667,342,416,355,442,589,772
"568","M_SD_006.csv",0.676767676767677,345,398,370,430,660,654
"569","M_SD_006.csv",0.686868686868687,328,409,401,416,656,733
"570","M_SD_006.csv",0.696969696969697,396,465,397,486,788,896
"571","M_SD_006.csv",0.707070707070707,349,417,355,459,829,888
"572","M_SD_006.csv",0.717171717171717,369,489,427,515,717,787
"573","M_SD_006.csv",0.727272727272727,379,456,414,456,768,937
"574","M_SD_006.csv",0.737373737373737,315,393,331,417,660,712
"575","M_SD_006.csv",0.747474747474747,349,408,355,485,825,778
"576","M_SD_006.csv",0.757575757575758,324,417,339,422,739,743
"577","M_SD_006.csv",0.767676767676768,312,417,351,422,794,765
"578","M_SD_006.csv",0.777777777777778,295,370,327,377,612,738
"579","M_SD_006.csv",0.787878787878788,322,363,325,472,716,773
"580","M_SD_006.csv",0.797979797979798,316,417,342,373,762,673
"581","M_SD_006.csv",0.808080808080808,291,401,291,362,703,655
"582","M_SD_006.csv",0.818181818181818,306,406,293,406,766,682
"583","M_SD_006.csv",0.828282828282828,310,435,318,399,762,795
"584","M_SD_006.csv",0.838383838383838,309,416,327,355,768,928
"585","M_SD_006.csv",0.848484848484849,295,360,294,376,680,678
"586","M_SD_006.csv",0.858585858585859,290,395,309,406,783,836
"587","M_SD_006.csv",0.868686868686869,292,403,294,399,683,833
"588","M_SD_006.csv",0.878787878787879,291,426,306,459,719,930
"589","M_SD_006.csv",0.888888888888889,282,366,329,398,754,766
"590","M_SD_006.csv",0.898989898989899,279,382,269,385,644,899
"591","M_SD_006.csv",0.909090909090909,271,378,266,424,631,833
"592","M_SD_006.csv",0.919191919191919,314,416,295,433,825,842
"593","M_SD_006.csv",0.929292929292929,260,334,273,350,629,724
"594","M_SD_006.csv",0.939393939393939,267,333,297,376,820,903
"595","M_SD_006.csv",0.94949494949495,289,358,272,400,756,883
"596","M_SD_006.csv",0.95959595959596,254,365,267,345,754,920
"597","M_SD_006.csv",0.96969696969697,280,399,265,344,725,881
"598","M_SD_006.csv",0.97979797979798,254,341,258,360,687,819
"599","M_SD_006.csv",0.98989898989899,240,324,264,341,675,761
"600","M_SD_006.csv",1,232,305,273,350,679,707
"601","M_SD_009.csv",0,733,708,804,855,757,832
"602","M_SD_009.csv",0.0101010101010101,736,793,894,999,695,869
"603","M_SD_009.csv",0.0202020202020201,657,759,931,853,703,886
"604","M_SD_009.csv",0.0303030303030303,791,673,1043,811,727,1019
"605","M_SD_009.csv",0.0404040404040403,620,634,870,955,714,789
"606","M_SD_009.csv",0.0505050505050504,638,672,744,754,636,798
"607","M_SD_009.csv",0.0606060606060606,650,777,880,878,747,883
"608","M_SD_009.csv",0.0707070707070706,782,708,597,792,693,941
"609","M_SD_009.csv",0.0808080808080808,650,605,814,770,742,997
"610","M_SD_009.csv",0.0909090909090908,570,649,694,853,768,788
"611","M_SD_009.csv",0.101010101010101,521,695,749,781,697,827
"612","M_SD_009.csv",0.111111111111111,695,626,850,818,700,934
"613","M_SD_009.csv",0.121212121212121,571,598,720,744,625,859
"614","M_SD_009.csv",0.131313131313131,651,650,694,691,787,787
"615","M_SD_009.csv",0.141414141414141,558,576,757,667,745,922
"616","M_SD_009.csv",0.151515151515151,641,643,598,797,713,800
"617","M_SD_009.csv",0.161616161616162,614,703,780,733,741,832
"618","M_SD_009.csv",0.171717171717172,516,559,761,719,762,863
"619","M_SD_009.csv",0.181818181818182,571,713,695,809,746,834
"620","M_SD_009.csv",0.191919191919192,692,617,610,785,794,880
"621","M_SD_009.csv",0.202020202020202,555,616,678,687,627,918
"622","M_SD_009.csv",0.212121212121212,537,532,567,630,671,827
"623","M_SD_009.csv",0.222222222222222,600,642,670,727,754,852
"624","M_SD_009.csv",0.232323232323232,580,665,653,711,705,834
"625","M_SD_009.csv",0.242424242424242,576,598,700,707,685,829
"626","M_SD_009.csv",0.252525252525252,547,614,637,738,730,932
"627","M_SD_009.csv",0.262626262626263,554,540,634,666,667,729
"628","M_SD_009.csv",0.272727272727273,524,675,638,740,649,892
"629","M_SD_009.csv",0.282828282828283,590,563,697,682,681,964
"630","M_SD_009.csv",0.292929292929293,533,538,617,702,714,779
"631","M_SD_009.csv",0.303030303030303,478,494,548,594,769,782
"632","M_SD_009.csv",0.313131313131313,485,584,519,645,652,874
"633","M_SD_009.csv",0.323232323232323,523,513,545,552,697,734
"634","M_SD_009.csv",0.333333333333333,505,540,630,552,627,904
"635","M_SD_009.csv",0.343434343434343,480,523,522,694,750,858
"636","M_SD_009.csv",0.353535353535353,488,584,516,581,743,847
"637","M_SD_009.csv",0.363636363636364,518,541,494,637,785,817
"638","M_SD_009.csv",0.373737373737374,518,531,475,578,665,845
"639","M_SD_009.csv",0.383838383838384,546,542,577,592,715,681
"640","M_SD_009.csv",0.393939393939394,485,516,587,658,694,839
"641","M_SD_009.csv",0.404040404040404,517,482,573,538,625,807
"642","M_SD_009.csv",0.414141414141414,491,539,493,582,601,729
"643","M_SD_009.csv",0.424242424242424,527,575,545,595,787,876
"644","M_SD_009.csv",0.434343434343434,463,561,514,518,734,992
"645","M_SD_009.csv",0.444444444444444,525,564,569,567,682,788
"646","M_SD_009.csv",0.454545454545454,501,496,464,577,722,796
"647","M_SD_009.csv",0.464646464646465,477,461,503,605,719,828
"648","M_SD_009.csv",0.474747474747475,470,520,538,688,768,948
"649","M_SD_009.csv",0.484848484848485,454,468,521,581,734,843
"650","M_SD_009.csv",0.494949494949495,426,488,500,515,770,964
"651","M_SD_009.csv",0.505050505050505,430,459,514,591,705,879
"652","M_SD_009.csv",0.515151515151515,427,427,441,553,611,839
"653","M_SD_009.csv",0.525252525252525,408,424,448,493,755,725
"654","M_SD_009.csv",0.535353535353535,371,563,505,525,705,849
"655","M_SD_009.csv",0.545454545454545,453,544,522,569,778,907
"656","M_SD_009.csv",0.555555555555556,420,458,494,533,617,816
"657","M_SD_009.csv",0.565656565656566,446,480,474,476,747,873
"658","M_SD_009.csv",0.575757575757576,398,485,426,481,747,949
"659","M_SD_009.csv",0.585858585858586,427,489,445,556,751,849
"660","M_SD_009.csv",0.595959595959596,404,451,357,462,617,921
"661","M_SD_009.csv",0.606060606060606,458,452,458,526,715,778
"662","M_SD_009.csv",0.616161616161616,390,452,391,500,769,896
"663","M_SD_009.csv",0.626262626262626,458,454,406,478,793,887
"664","M_SD_009.csv",0.636363636363636,425,461,480,493,649,818
"665","M_SD_009.csv",0.646464646464646,381,368,386,489,627,736
"666","M_SD_009.csv",0.656565656565657,401,435,391,450,712,967
"667","M_SD_009.csv",0.666666666666667,401,458,378,452,699,910
"668","M_SD_009.csv",0.676767676767677,382,404,389,426,651,724
"669","M_SD_009.csv",0.686868686868687,355,428,369,425,657,937
"670","M_SD_009.csv",0.696969696969697,375,423,421,468,657,902
"671","M_SD_009.csv",0.707070707070707,367,420,378,437,719,1014
"672","M_SD_009.csv",0.717171717171717,356,435,391,445,708,846
"673","M_SD_009.csv",0.727272727272727,350,386,336,440,779,735
"674","M_SD_009.csv",0.737373737373737,387,372,374,477,689,829
"675","M_SD_009.csv",0.747474747474747,341,427,344,512,825,913
"676","M_SD_009.csv",0.757575757575758,338,388,397,393,673,742
"677","M_SD_009.csv",0.767676767676768,311,439,386,448,678,812
"678","M_SD_009.csv",0.777777777777778,327,404,331,420,699,906
"679","M_SD_009.csv",0.787878787878788,355,446,414,477,803,902
"680","M_SD_009.csv",0.797979797979798,323,395,381,465,688,820
"681","M_SD_009.csv",0.808080808080808,313,383,321,519,580,861
"682","M_SD_009.csv",0.818181818181818,286,344,321,420,608,764
"683","M_SD_009.csv",0.828282828282828,313,417,321,375,694,727
"684","M_SD_009.csv",0.838383838383838,278,355,326,409,734,820
"685","M_SD_009.csv",0.848484848484849,324,410,377,416,774,947
"686","M_SD_009.csv",0.858585858585859,309,355,341,415,610,865
"687","M_SD_009.csv",0.868686868686869,311,384,305,425,692,774
"688","M_SD_009.csv",0.878787878787879,306,370,334,391,735,937
"689","M_SD_009.csv",0.888888888888889,274,390,300,427,738,874
"690","M_SD_009.csv",0.898989898989899,301,410,309,372,693,904
"691","M_SD_009.csv",0.909090909090909,293,352,333,421,723,814
"692","M_SD_009.csv",0.919191919191919,275,373,290,409,723,899
"693","M_SD_009.csv",0.929292929292929,294,380,303,374,740,875
"694","M_SD_009.csv",0.939393939393939,270,358,295,342,614,728
"695","M_SD_009.csv",0.94949494949495,260,379,275,407,717,948
"696","M_SD_009.csv",0.95959595959596,293,380,314,389,798,909
"697","M_SD_009.csv",0.96969696969697,283,343,283,411,788,759
"698","M_SD_009.csv",0.97979797979798,248,311,265,338,680,753
"699","M_SD_009.csv",0.98989898989899,263,349,261,386,756,930
"700","M_SD_009.csv",1,287,314,274,367,679,825
"701","M_SD_010.csv",0,1006,927,1268,1198,880,939
"702","M_SD_010.csv",0.0101010101010101,783,982,1150,1282,860,1292
"703","M_SD_010.csv",0.0202020202020201,999,752,982,1121,886,1052
"704","M_SD_010.csv",0.0303030303030303,836,796,1082,1110,950,1185
"705","M_SD_010.csv",0.0404040404040403,744,755,848,749,977,890
"706","M_SD_010.csv",0.0505050505050504,1124,780,1068,1077,926,1108
"707","M_SD_010.csv",0.0606060606060606,904,874,1055,845,1026,1403
"708","M_SD_010.csv",0.0707070707070706,731,858,1132,1449,1137,1411
"709","M_SD_010.csv",0.0808080808080808,870,876,1034,1015,1131,1097
"710","M_SD_010.csv",0.0909090909090908,921,940,1011,1001,938,1177
"711","M_SD_010.csv",0.101010101010101,1001,847,1291,1313,1132,1211
"712","M_SD_010.csv",0.111111111111111,573,757,751,659,769,1131
"713","M_SD_010.csv",0.121212121212121,724,791,951,1072,1051,1142
"714","M_SD_010.csv",0.131313131313131,1021,928,1215,1356,932,1387
"715","M_SD_010.csv",0.141414141414141,653,602,813,797,720,1250
"716","M_SD_010.csv",0.151515151515151,739,576,900,786,823,1207
"717","M_SD_010.csv",0.161616161616162,648,634,891,843,784,1112
"718","M_SD_010.csv",0.171717171717172,805,831,708,911,1042,968
"719","M_SD_010.csv",0.181818181818182,741,678,784,930,789,1198
"720","M_SD_010.csv",0.191919191919192,829,689,831,1020,824,1326
"721","M_SD_010.csv",0.202020202020202,663,705,917,826,1035,1146
"722","M_SD_010.csv",0.212121212121212,677,694,705,750,890,1215
"723","M_SD_010.csv",0.222222222222222,644,735,834,1075,1134,1194
"724","M_SD_010.csv",0.232323232323232,569,581,683,857,871,1239
"725","M_SD_010.csv",0.242424242424242,733,701,859,838,977,1024
"726","M_SD_010.csv",0.252525252525252,682,677,701,962,765,957
"727","M_SD_010.csv",0.262626262626263,694,861,692,690,1140,1028
"728","M_SD_010.csv",0.272727272727273,615,738,759,1130,859,1030
"729","M_SD_010.csv",0.282828282828283,757,725,783,914,1084,911
"730","M_SD_010.csv",0.292929292929293,651,716,876,832,1084,1179
"731","M_SD_010.csv",0.303030303030303,672,686,801,760,1012,1270
"732","M_SD_010.csv",0.313131313131313,577,638,776,711,1115,1140
"733","M_SD_010.csv",0.323232323232323,578,568,523,596,865,633
"734","M_SD_010.csv",0.333333333333333,722,889,721,802,1075,1091
"735","M_SD_010.csv",0.343434343434343,610,649,599,627,987,1127
"736","M_SD_010.csv",0.353535353535353,636,602,786,792,810,1169
"737","M_SD_010.csv",0.363636363636364,660,655,666,891,1058,1123
"738","M_SD_010.csv",0.373737373737374,574,660,686,1001,777,810
"739","M_SD_010.csv",0.383838383838384,685,617,758,628,994,1305
"740","M_SD_010.csv",0.393939393939394,659,686,678,581,937,1180
"741","M_SD_010.csv",0.404040404040404,633,595,607,583,1081,1101
"742","M_SD_010.csv",0.414141414141414,655,729,569,916,1053,1180
"743","M_SD_010.csv",0.424242424242424,480,656,553,711,918,1044
"744","M_SD_010.csv",0.434343434343434,546,545,564,775,1049,888
"745","M_SD_010.csv",0.444444444444444,583,594,688,728,1157,1006
"746","M_SD_010.csv",0.454545454545454,588,645,540,523,1038,974
"747","M_SD_010.csv",0.464646464646465,511,728,534,821,1082,858
"748","M_SD_010.csv",0.474747474747475,537,627,513,733,1060,1191
"749","M_SD_010.csv",0.484848484848485,549,563,501,570,722,1348
"750","M_SD_010.csv",0.494949494949495,383,460,518,527,1031,878
"751","M_SD_010.csv",0.505050505050505,397,564,484,529,1027,1104
"752","M_SD_010.csv",0.515151515151515,505,693,538,603,995,1237
"753","M_SD_010.csv",0.525252525252525,534,489,518,555,1098,1167
"754","M_SD_010.csv",0.535353535353535,494,530,619,634,986,1149
"755","M_SD_010.csv",0.545454545454545,489,553,456,572,820,1153
"756","M_SD_010.csv",0.555555555555556,453,480,430,533,793,1189
"757","M_SD_010.csv",0.565656565656566,498,594,524,568,971,1222
"758","M_SD_010.csv",0.575757575757576,490,519,523,589,1248,1054
"759","M_SD_010.csv",0.585858585858586,376,475,430,527,791,907
"760","M_SD_010.csv",0.595959595959596,357,482,478,460,832,881
"761","M_SD_010.csv",0.606060606060606,448,531,460,450,964,1142
"762","M_SD_010.csv",0.616161616161616,392,436,390,568,994,1319
"763","M_SD_010.csv",0.626262626262626,488,504,451,558,901,1292
"764","M_SD_010.csv",0.636363636363636,435,485,410,560,1030,998
"765","M_SD_010.csv",0.646464646464646,426,497,430,560,1000,1358
"766","M_SD_010.csv",0.656565656565657,368,450,347,551,704,898
"767","M_SD_010.csv",0.666666666666667,326,554,436,587,845,1091
"768","M_SD_010.csv",0.676767676767677,409,456,434,518,1074,1195
"769","M_SD_010.csv",0.686868686868687,400,452,384,583,808,1073
"770","M_SD_010.csv",0.696969696969697,407,443,387,540,1021,1121
"771","M_SD_010.csv",0.707070707070707,387,495,416,550,1072,1692
"772","M_SD_010.csv",0.717171717171717,303,438,361,455,1020,986
"773","M_SD_010.csv",0.727272727272727,386,479,389,514,959,1109
"774","M_SD_010.csv",0.737373737373737,353,444,394,403,823,770
"775","M_SD_010.csv",0.747474747474747,346,360,347,492,1112,946
"776","M_SD_010.csv",0.757575757575758,317,453,406,455,965,1061
"777","M_SD_010.csv",0.767676767676768,289,422,314,435,803,1286
"778","M_SD_010.csv",0.777777777777778,319,459,335,487,911,1117
"779","M_SD_010.csv",0.787878787878788,316,366,351,469,935,1185
"780","M_SD_010.csv",0.797979797979798,320,525,345,555,1045,1069
"781","M_SD_010.csv",0.808080808080808,318,385,312,490,947,973
"782","M_SD_010.csv",0.818181818181818,360,436,350,506,953,1134
"783","M_SD_010.csv",0.828282828282828,299,441,312,428,907,1170
"784","M_SD_010.csv",0.838383838383838,321,436,302,519,1034,1129
"785","M_SD_010.csv",0.848484848484849,280,446,288,370,920,1133
"786","M_SD_010.csv",0.858585858585859,283,407,280,436,884,1458
"787","M_SD_010.csv",0.868686868686869,298,437,286,484,1044,1313
"788","M_SD_010.csv",0.878787878787879,285,381,344,414,790,1050
"789","M_SD_010.csv",0.888888888888889,330,493,294,472,979,1296
"790","M_SD_010.csv",0.898989898989899,298,381,267,369,759,1082
"791","M_SD_010.csv",0.909090909090909,273,468,309,444,1003,1328
"792","M_SD_010.csv",0.919191919191919,270,401,265,369,987,1146
"793","M_SD_010.csv",0.929292929292929,254,427,244,408,975,1195
"794","M_SD_010.csv",0.939393939393939,267,374,293,393,777,1256
"795","M_SD_010.csv",0.94949494949495,276,374,272,409,712,1188
"796","M_SD_010.csv",0.95959595959596,266,357,276,385,913,956
"797","M_SD_010.csv",0.96969696969697,261,380,248,344,978,1151
"798","M_SD_010.csv",0.97979797979798,248,362,249,388,1079,1185
"799","M_SD_010.csv",0.98989898989899,255,406,245,388,660,1155
"800","M_SD_010.csv",1,246,354,242,320,1200,1047
"801","M_SD_012.csv",0,1019,922,1358,1236,905,1328
"802","M_SD_012.csv",0.0101010101010101,794,805,1038,1432,924,1258
"803","M_SD_012.csv",0.0202020202020201,743,1075,857,941,932,1127
"804","M_SD_012.csv",0.0303030303030303,926,938,1436,1249,997,1196
"805","M_SD_012.csv",0.0404040404040403,811,852,1274,1042,957,1163
"806","M_SD_012.csv",0.0505050505050504,949,734,1197,1013,760,1125
"807","M_SD_012.csv",0.0606060606060606,770,759,1138,827,892,1164
"808","M_SD_012.csv",0.0707070707070706,662,737,902,785,741,792
"809","M_SD_012.csv",0.0808080808080808,690,784,884,696,916,833
"810","M_SD_012.csv",0.0909090909090908,703,788,875,948,699,1045
"811","M_SD_012.csv",0.101010101010101,733,645,1175,892,1118,1141
"812","M_SD_012.csv",0.111111111111111,692,927,867,921,870,1348
"813","M_SD_012.csv",0.121212121212121,824,812,904,927,984,1065
"814","M_SD_012.csv",0.131313131313131,711,958,788,968,940,1153
"815","M_SD_012.csv",0.141414141414141,669,820,941,881,829,1168
"816","M_SD_012.csv",0.151515151515151,727,765,701,824,925,1055
"817","M_SD_012.csv",0.161616161616162,644,807,996,805,866,1041
"818","M_SD_012.csv",0.171717171717172,639,719,751,1098,926,1012
"819","M_SD_012.csv",0.181818181818182,872,745,869,845,814,1089
"820","M_SD_012.csv",0.191919191919192,769,814,898,837,894,935
"821","M_SD_012.csv",0.202020202020202,768,652,835,915,1056,1174
"822","M_SD_012.csv",0.212121212121212,714,682,769,775,824,979
"823","M_SD_012.csv",0.222222222222222,648,779,794,892,863,874
"824","M_SD_012.csv",0.232323232323232,638,760,872,773,759,1397
"825","M_SD_012.csv",0.242424242424242,645,609,712,838,901,1152
"826","M_SD_012.csv",0.252525252525252,609,669,693,699,863,1398
"827","M_SD_012.csv",0.262626262626263,684,612,807,711,901,1027
"828","M_SD_012.csv",0.272727272727273,618,700,725,827,896,1095
"829","M_SD_012.csv",0.282828282828283,650,649,889,643,856,1274
"830","M_SD_012.csv",0.292929292929293,610,780,651,636,936,1195
"831","M_SD_012.csv",0.303030303030303,656,621,621,893,916,1121
"832","M_SD_012.csv",0.313131313131313,677,680,712,725,1029,1057
"833","M_SD_012.csv",0.323232323232323,621,547,727,725,784,966
"834","M_SD_012.csv",0.333333333333333,502,621,668,776,865,1186
"835","M_SD_012.csv",0.343434343434343,508,741,714,584,1029,1148
"836","M_SD_012.csv",0.353535353535353,652,705,684,662,1035,1054
"837","M_SD_012.csv",0.363636363636364,555,568,548,659,1126,1021
"838","M_SD_012.csv",0.373737373737374,636,784,609,889,1100,1249
"839","M_SD_012.csv",0.383838383838384,498,518,539,849,902,1174
"840","M_SD_012.csv",0.393939393939394,484,548,735,618,925,1094
"841","M_SD_012.csv",0.404040404040404,533,550,622,573,873,1005
"842","M_SD_012.csv",0.414141414141414,497,565,522,589,785,1137
"843","M_SD_012.csv",0.424242424242424,536,469,642,615,910,1081
"844","M_SD_012.csv",0.434343434343434,440,520,426,616,896,918
"845","M_SD_012.csv",0.444444444444444,591,494,637,614,1131,1329
"846","M_SD_012.csv",0.454545454545454,499,612,504,653,898,1171
"847","M_SD_012.csv",0.464646464646465,438,562,498,633,696,1017
"848","M_SD_012.csv",0.474747474747475,453,604,586,561,926,1167
"849","M_SD_012.csv",0.484848484848485,547,511,564,558,862,928
"850","M_SD_012.csv",0.494949494949495,503,541,507,829,1026,884
"851","M_SD_012.csv",0.505050505050505,509,510,471,559,877,1375
"852","M_SD_012.csv",0.515151515151515,430,521,516,517,858,972
"853","M_SD_012.csv",0.525252525252525,393,509,538,557,977,1239
"854","M_SD_012.csv",0.535353535353535,466,543,464,560,776,1186
"855","M_SD_012.csv",0.545454545454545,401,494,435,586,846,978
"856","M_SD_012.csv",0.555555555555556,400,549,417,520,885,1077
"857","M_SD_012.csv",0.565656565656566,429,612,445,588,806,1043
"858","M_SD_012.csv",0.575757575757576,424,520,487,660,983,1059
"859","M_SD_012.csv",0.585858585858586,444,627,500,568,1035,1178
"860","M_SD_012.csv",0.595959595959596,375,526,449,606,705,1368
"861","M_SD_012.csv",0.606060606060606,378,503,464,433,812,1221
"862","M_SD_012.csv",0.616161616161616,398,493,443,532,850,1178
"863","M_SD_012.csv",0.626262626262626,374,562,492,573,914,1172
"864","M_SD_012.csv",0.636363636363636,488,498,517,540,839,1113
"865","M_SD_012.csv",0.646464646464646,382,458,422,523,907,1080
"866","M_SD_012.csv",0.656565656565657,332,429,391,513,801,950
"867","M_SD_012.csv",0.666666666666667,348,411,388,480,808,759
"868","M_SD_012.csv",0.676767676767677,428,443,379,551,988,1136
"869","M_SD_012.csv",0.686868686868687,382,489,420,439,861,1088
"870","M_SD_012.csv",0.696969696969697,404,440,395,501,964,1233
"871","M_SD_012.csv",0.707070707070707,368,436,394,498,1027,1340
"872","M_SD_012.csv",0.717171717171717,382,430,369,485,947,1375
"873","M_SD_012.csv",0.727272727272727,340,430,336,487,944,1155
"874","M_SD_012.csv",0.737373737373737,361,430,319,471,874,985
"875","M_SD_012.csv",0.747474747474747,329,474,359,472,754,976
"876","M_SD_012.csv",0.757575757575758,359,397,319,518,794,1201
"877","M_SD_012.csv",0.767676767676768,393,419,364,439,820,1046
"878","M_SD_012.csv",0.777777777777778,406,485,397,478,1181,1034
"879","M_SD_012.csv",0.787878787878788,371,447,344,428,938,1201
"880","M_SD_012.csv",0.797979797979798,329,417,341,397,872,1049
"881","M_SD_012.csv",0.808080808080808,350,500,359,478,1015,1165
"882","M_SD_012.csv",0.818181818181818,324,484,360,469,984,1166
"883","M_SD_012.csv",0.828282828282828,323,443,320,530,897,1028
"884","M_SD_012.csv",0.838383838383838,329,477,329,443,933,1189
"885","M_SD_012.csv",0.848484848484849,334,428,302,451,973,1335
"886","M_SD_012.csv",0.858585858585859,318,428,324,448,999,864
"887","M_SD_012.csv",0.868686868686869,311,400,313,435,910,849
"888","M_SD_012.csv",0.878787878787879,300,467,318,466,893,1074
"889","M_SD_012.csv",0.888888888888889,293,428,322,480,1205,962
"890","M_SD_012.csv",0.898989898989899,334,385,296,432,1042,1482
"891","M_SD_012.csv",0.909090909090909,281,380,287,382,962,1151
"892","M_SD_012.csv",0.919191919191919,296,377,295,440,919,1138
"893","M_SD_012.csv",0.929292929292929,291,410,310,430,895,1105
"894","M_SD_012.csv",0.939393939393939,286,363,244,415,947,941
"895","M_SD_012.csv",0.94949494949495,297,373,265,379,855,1337
"896","M_SD_012.csv",0.95959595959596,249,329,264,379,884,1106
"897","M_SD_012.csv",0.96969696969697,299,383,257,368,896,912
"898","M_SD_012.csv",0.97979797979798,263,332,280,374,911,975
"899","M_SD_012.csv",0.98989898989899,252,381,264,360,836,1188
"900","M_SD_012.csv",1,259,358,282,467,1005,1065
"901","M_SD_020.csv",0,955,759,897,811,727,827
"902","M_SD_020.csv",0.0101010101010101,623,543,527,575,623,590
"903","M_SD_020.csv",0.0202020202020201,707,894,942,1131,960,821
"904","M_SD_020.csv",0.0303030303030303,989,928,1095,1113,1002,1086
"905","M_SD_020.csv",0.0404040404040403,630,625,757,571,603,823
"906","M_SD_020.csv",0.0505050505050504,586,798,760,959,962,847
"907","M_SD_020.csv",0.0606060606060606,611,549,718,453,541,659
"908","M_SD_020.csv",0.0707070707070706,785,645,750,718,683,804
"909","M_SD_020.csv",0.0808080808080808,817,725,808,1040,940,1045
"910","M_SD_020.csv",0.0909090909090908,770,948,939,1010,988,1191
"911","M_SD_020.csv",0.101010101010101,747,913,1072,979,858,1024
"912","M_SD_020.csv",0.111111111111111,576,682,593,596,767,632
"913","M_SD_020.csv",0.121212121212121,653,698,651,593,715,738
"914","M_SD_020.csv",0.131313131313131,674,806,713,755,753,916
"915","M_SD_020.csv",0.141414141414141,596,616,804,614,930,795
"916","M_SD_020.csv",0.151515151515151,490,532,573,488,422,666
"917","M_SD_020.csv",0.161616161616162,679,779,846,860,771,883
"918","M_SD_020.csv",0.171717171717172,759,715,799,847,824,954
"919","M_SD_020.csv",0.181818181818182,672,576,697,741,748,1067
"920","M_SD_020.csv",0.191919191919192,405,569,674,575,634,755
"921","M_SD_020.csv",0.202020202020202,729,927,851,923,1091,1093
"922","M_SD_020.csv",0.212121212121212,622,661,603,831,644,970
"923","M_SD_020.csv",0.222222222222222,618,671,743,850,985,777
"924","M_SD_020.csv",0.232323232323232,647,773,727,755,1051,772
"925","M_SD_020.csv",0.242424242424242,511,656,619,710,757,762
"926","M_SD_020.csv",0.252525252525252,628,683,780,795,843,839
"927","M_SD_020.csv",0.262626262626263,561,494,688,626,747,755
"928","M_SD_020.csv",0.272727272727273,561,555,638,680,638,905
"929","M_SD_020.csv",0.282828282828283,625,640,506,684,849,944
"930","M_SD_020.csv",0.292929292929293,610,578,565,810,670,928
"931","M_SD_020.csv",0.303030303030303,563,606,703,778,916,974
"932","M_SD_020.csv",0.313131313131313,515,558,533,665,740,830
"933","M_SD_020.csv",0.323232323232323,520,598,508,790,840,930
"934","M_SD_020.csv",0.333333333333333,627,561,636,609,760,925
"935","M_SD_020.csv",0.343434343434343,444,461,552,480,828,718
"936","M_SD_020.csv",0.353535353535353,534,675,546,687,768,767
"937","M_SD_020.csv",0.363636363636364,481,568,559,635,680,764
"938","M_SD_020.csv",0.373737373737374,460,409,420,526,567,637
"939","M_SD_020.csv",0.383838383838384,465,494,558,594,604,684
"940","M_SD_020.csv",0.393939393939394,468,475,483,590,832,708
"941","M_SD_020.csv",0.404040404040404,526,574,559,544,706,841
"942","M_SD_020.csv",0.414141414141414,453,522,541,586,624,680
"943","M_SD_020.csv",0.424242424242424,483,500,496,583,670,906
"944","M_SD_020.csv",0.434343434343434,551,523,585,634,976,980
"945","M_SD_020.csv",0.444444444444444,463,481,508,565,711,610
"946","M_SD_020.csv",0.454545454545454,448,627,678,615,745,1170
"947","M_SD_020.csv",0.464646464646465,458,425,406,457,861,594
"948","M_SD_020.csv",0.474747474747475,442,588,549,596,677,755
"949","M_SD_020.csv",0.484848484848485,524,709,513,675,870,869
"950","M_SD_020.csv",0.494949494949495,523,538,469,453,724,751
"951","M_SD_020.csv",0.505050505050505,421,583,519,628,845,807
"952","M_SD_020.csv",0.515151515151515,432,425,459,550,719,885
"953","M_SD_020.csv",0.525252525252525,466,425,384,561,1019,822
"954","M_SD_020.csv",0.535353535353535,416,593,392,714,889,765
"955","M_SD_020.csv",0.545454545454545,334,358,428,417,496,599
"956","M_SD_020.csv",0.555555555555556,430,517,433,580,776,914
"957","M_SD_020.csv",0.565656565656566,481,496,400,557,826,1030
"958","M_SD_020.csv",0.575757575757576,421,443,513,456,763,860
"959","M_SD_020.csv",0.585858585858586,386,400,351,413,652,954
"960","M_SD_020.csv",0.595959595959596,375,466,424,511,783,803
"961","M_SD_020.csv",0.606060606060606,395,528,406,584,975,1136
"962","M_SD_020.csv",0.616161616161616,460,501,365,401,665,861
"963","M_SD_020.csv",0.626262626262626,437,479,437,519,885,872
"964","M_SD_020.csv",0.636363636363636,346,383,322,413,612,874
"965","M_SD_020.csv",0.646464646464646,324,446,339,540,728,868
"966","M_SD_020.csv",0.656565656565657,439,448,375,654,856,792
"967","M_SD_020.csv",0.666666666666667,358,364,458,432,700,974
"968","M_SD_020.csv",0.676767676767677,410,496,411,600,681,833
"969","M_SD_020.csv",0.686868686868687,362,343,286,385,569,612
"970","M_SD_020.csv",0.696969696969697,337,466,434,563,671,1055
"971","M_SD_020.csv",0.707070707070707,337,523,370,460,692,750
"972","M_SD_020.csv",0.717171717171717,344,489,404,556,799,861
"973","M_SD_020.csv",0.727272727272727,270,387,317,361,565,583
"974","M_SD_020.csv",0.737373737373737,288,464,269,423,779,809
"975","M_SD_020.csv",0.747474747474747,349,386,366,447,816,915
"976","M_SD_020.csv",0.757575757575758,361,536,364,527,680,809
"977","M_SD_020.csv",0.767676767676768,341,508,303,472,812,1011
"978","M_SD_020.csv",0.777777777777778,281,350,325,398,521,465
"979","M_SD_020.csv",0.787878787878788,279,363,295,389,579,625
"980","M_SD_020.csv",0.797979797979798,310,477,345,574,931,924
"981","M_SD_020.csv",0.808080808080808,308,432,324,430,746,961
"982","M_SD_020.csv",0.818181818181818,280,423,309,455,748,1162
"983","M_SD_020.csv",0.828282828282828,248,329,238,315,555,561
"984","M_SD_020.csv",0.838383838383838,276,471,291,411,769,869
"985","M_SD_020.csv",0.848484848484849,256,395,278,358,645,745
"986","M_SD_020.csv",0.858585858585859,255,312,236,334,585,478
"987","M_SD_020.csv",0.868686868686869,291,360,292,391,752,834
"988","M_SD_020.csv",0.878787878787879,301,431,257,413,851,961
"989","M_SD_020.csv",0.888888888888889,250,350,244,430,557,824
"990","M_SD_020.csv",0.898989898989899,242,307,267,435,513,601
"991","M_SD_020.csv",0.909090909090909,268,413,264,386,768,1007
"992","M_SD_020.csv",0.919191919191919,242,300,253,378,668,617
"993","M_SD_020.csv",0.929292929292929,273,411,260,428,891,780
"994","M_SD_020.csv",0.939393939393939,259,352,253,325,724,860
"995","M_SD_020.csv",0.94949494949495,256,405,245,487,740,944
"996","M_SD_020.csv",0.95959595959596,225,397,265,411,788,837
"997","M_SD_020.csv",0.96969696969697,237,344,231,412,806,705
"998","M_SD_020.csv",0.97979797979798,242,369,246,326,788,1015
"999","M_SD_020.csv",0.98989898989899,222,382,216,363,658,822
"1000","M_SD_020.csv",1,218,339,230,312,507,775
"1001","M_SD_023.csv",0,755,852,899,861,797,832
"1002","M_SD_023.csv",0.0101010101010101,656,697,685,766,663,771
"1003","M_SD_023.csv",0.0202020202020201,687,739,764,739,627,673
"1004","M_SD_023.csv",0.0303030303030303,799,649,796,826,700,768
"1005","M_SD_023.csv",0.0404040404040403,671,764,761,757,812,805
"1006","M_SD_023.csv",0.0505050505050504,692,663,698,732,651,777
"1007","M_SD_023.csv",0.0606060606060606,665,658,755,722,800,797
"1008","M_SD_023.csv",0.0707070707070706,671,745,626,635,672,744
"1009","M_SD_023.csv",0.0808080808080808,634,704,679,787,745,702
"1010","M_SD_023.csv",0.0909090909090908,782,642,673,691,740,680
"1011","M_SD_023.csv",0.101010101010101,552,632,669,697,691,795
"1012","M_SD_023.csv",0.111111111111111,642,652,664,754,641,787
"1013","M_SD_023.csv",0.121212121212121,757,733,692,676,827,772
"1014","M_SD_023.csv",0.131313131313131,675,759,662,763,713,794
"1015","M_SD_023.csv",0.141414141414141,667,620,609,638,660,797
"1016","M_SD_023.csv",0.151515151515151,618,651,745,692,784,665
"1017","M_SD_023.csv",0.161616161616162,639,698,631,658,773,737
"1018","M_SD_023.csv",0.171717171717172,656,730,683,706,901,849
"1019","M_SD_023.csv",0.181818181818182,656,612,680,720,745,858
"1020","M_SD_023.csv",0.191919191919192,697,693,607,670,690,833
"1021","M_SD_023.csv",0.202020202020202,551,561,541,609,676,835
"1022","M_SD_023.csv",0.212121212121212,645,654,660,626,722,738
"1023","M_SD_023.csv",0.222222222222222,523,600,466,544,720,759
"1024","M_SD_023.csv",0.232323232323232,540,584,607,630,776,816
"1025","M_SD_023.csv",0.242424242424242,559,518,543,554,672,788
"1026","M_SD_023.csv",0.252525252525252,634,616,602,685,869,804
"1027","M_SD_023.csv",0.262626262626263,630,639,643,584,803,683
"1028","M_SD_023.csv",0.272727272727273,538,574,552,743,749,780
"1029","M_SD_023.csv",0.282828282828283,554,636,550,561,769,793
"1030","M_SD_023.csv",0.292929292929293,561,662,638,638,786,780
"1031","M_SD_023.csv",0.303030303030303,634,528,643,632,790,782
"1032","M_SD_023.csv",0.313131313131313,472,571,541,545,686,706
"1033","M_SD_023.csv",0.323232323232323,465,598,529,601,573,682
"1034","M_SD_023.csv",0.333333333333333,542,679,528,639,793,895
"1035","M_SD_023.csv",0.343434343434343,618,578,588,623,815,856
"1036","M_SD_023.csv",0.353535353535353,565,546,521,625,696,689
"1037","M_SD_023.csv",0.363636363636364,533,605,543,480,740,762
"1038","M_SD_023.csv",0.373737373737374,526,666,607,596,698,830
"1039","M_SD_023.csv",0.383838383838384,641,595,592,555,836,843
"1040","M_SD_023.csv",0.393939393939394,509,554,482,615,760,812
"1041","M_SD_023.csv",0.404040404040404,539,496,509,516,750,747
"1042","M_SD_023.csv",0.414141414141414,434,520,436,546,696,718
"1043","M_SD_023.csv",0.424242424242424,486,556,526,560,834,882
"1044","M_SD_023.csv",0.434343434343434,551,533,472,625,782,802
"1045","M_SD_023.csv",0.444444444444444,481,490,417,562,703,678
"1046","M_SD_023.csv",0.454545454545454,486,457,461,544,750,806
"1047","M_SD_023.csv",0.464646464646465,491,510,511,524,720,776
"1048","M_SD_023.csv",0.474747474747475,465,495,464,495,728,753
"1049","M_SD_023.csv",0.484848484848485,491,534,475,483,790,788
"1050","M_SD_023.csv",0.494949494949495,425,490,491,546,859,795
"1051","M_SD_023.csv",0.505050505050505,441,493,536,507,754,686
"1052","M_SD_023.csv",0.515151515151515,438,528,463,525,719,695
"1053","M_SD_023.csv",0.525252525252525,420,484,482,524,849,694
"1054","M_SD_023.csv",0.535353535353535,524,507,541,569,804,902
"1055","M_SD_023.csv",0.545454545454545,422,532,454,448,832,635
"1056","M_SD_023.csv",0.555555555555556,459,461,489,492,778,796
"1057","M_SD_023.csv",0.565656565656566,388,527,459,486,776,774
"1058","M_SD_023.csv",0.575757575757576,404,485,432,532,656,767
"1059","M_SD_023.csv",0.585858585858586,463,466,404,504,732,851
"1060","M_SD_023.csv",0.595959595959596,455,538,481,479,763,721
"1061","M_SD_023.csv",0.606060606060606,347,487,400,421,647,778
"1062","M_SD_023.csv",0.616161616161616,391,432,428,461,692,744
"1063","M_SD_023.csv",0.626262626262626,421,468,386,513,848,810
"1064","M_SD_023.csv",0.636363636363636,396,536,409,498,783,696
"1065","M_SD_023.csv",0.646464646464646,344,438,414,406,762,671
"1066","M_SD_023.csv",0.656565656565657,353,387,398,395,725,702
"1067","M_SD_023.csv",0.666666666666667,407,468,396,498,727,829
"1068","M_SD_023.csv",0.676767676767677,367,457,394,480,762,847
"1069","M_SD_023.csv",0.686868686868687,394,494,360,424,775,858
"1070","M_SD_023.csv",0.696969696969697,375,481,354,446,703,674
"1071","M_SD_023.csv",0.707070707070707,402,394,376,450,733,665
"1072","M_SD_023.csv",0.717171717171717,371,468,384,382,715,790
"1073","M_SD_023.csv",0.727272727272727,343,423,350,383,741,710
"1074","M_SD_023.csv",0.737373737373737,399,476,393,438,730,762
"1075","M_SD_023.csv",0.747474747474747,322,420,390,434,682,904
"1076","M_SD_023.csv",0.757575757575758,370,449,389,436,657,916
"1077","M_SD_023.csv",0.767676767676768,364,395,342,352,770,719
"1078","M_SD_023.csv",0.777777777777778,351,383,329,370,611,785
"1079","M_SD_023.csv",0.787878787878788,318,472,360,415,747,789
"1080","M_SD_023.csv",0.797979797979798,312,389,388,399,758,794
"1081","M_SD_023.csv",0.808080808080808,360,370,355,403,753,713
"1082","M_SD_023.csv",0.818181818181818,309,398,325,386,743,702
"1083","M_SD_023.csv",0.828282828282828,372,403,357,405,799,860
"1084","M_SD_023.csv",0.838383838383838,341,377,328,376,761,738
"1085","M_SD_023.csv",0.848484848484849,284,372,343,372,684,721
"1086","M_SD_023.csv",0.858585858585859,287,328,310,322,727,703
"1087","M_SD_023.csv",0.868686868686869,301,422,323,376,704,806
"1088","M_SD_023.csv",0.878787878787879,311,362,314,387,703,858
"1089","M_SD_023.csv",0.888888888888889,328,374,316,394,790,748
"1090","M_SD_023.csv",0.898989898989899,313,377,329,359,750,805
"1091","M_SD_023.csv",0.909090909090909,325,340,305,365,719,760
"1092","M_SD_023.csv",0.919191919191919,299,385,329,376,631,693
"1093","M_SD_023.csv",0.929292929292929,307,384,306,357,773,821
"1094","M_SD_023.csv",0.939393939393939,279,372,301,362,817,700
"1095","M_SD_023.csv",0.94949494949495,307,366,316,375,812,793
"1096","M_SD_023.csv",0.95959595959596,310,327,268,340,781,722
"1097","M_SD_023.csv",0.96969696969697,308,343,320,362,701,763
"1098","M_SD_023.csv",0.97979797979798,275,362,279,366,729,681
"1099","M_SD_023.csv",0.98989898989899,276,361,293,337,783,839
"1100","M_SD_023.csv",1,300,320,271,323,743,714
